id,amount
984762,0.068440346
218372,0.16719971
163653,0.357182558
822568,0.419212517
66432,1.431732145
527745,1.627622894
813993,1.881946413
834426,4.312094022
403403,5.118645968
80283,6.022517833
574689,6.223952427
419261,6.996247599
293755,7.127906857
908791,7.412230276
716093,7.550766182
309560,7.773242034
2443,7.796269493
728173,8.819084947
394143,9.826848377
637548,10.18293741
725104,11.89701506
869300,13.32763565
997007,14.50718362
239375,14.66812243
381076,15.01990931
398975,15.07618288
962380,15.63380078
37420,15.83093703
497699,16.27958363
663677,17.00314558
147708,17.05968662
839115,17.35294862
944692,17.85356779
293281,17.93794573
248079,18.70858578
464539,18.75629578
120106,18.94139762
756285,19.90035696
849022,21.16804879
101727,21.67811042
749881,22.05660384
469213,22.23421478
887508,22.23608975
67706,22.99261279
670565,23.16935259
569280,23.56313282
285159,24.61275131
635064,24.94208514
362638,25.32139833
849262,25.4723231
497130,25.58489606
875893,26.11343395
656489,27.20784988
629321,27.71667793
785532,28.94071252
189246,29.17070881
962419,29.2197069
663308,29.36822328
968046,30.49898109
770387,30.52994239
970333,30.67183356
867820,30.93013989
804451,31.46954092
909884,31.53780009
480864,32.2377676
116759,32.32438104
493038,32.81831624
291136,32.86905786
252600,33.73939058
177577,34.03823786
534482,34.31153439
961611,35.37067384
250171,35.47122102
700332,35.56459096
309383,36.1082718
152004,36.66525803
858905,36.84068432
657213,37.5363693
5909,38.72190279
591587,38.9302273
162092,40.32795111
129529,40.45433867
265581,40.86430591
507941,40.91527494
680979,41.00258772
904624,41.80289939
827033,42.0764706
840777,42.56401728
95041,42.6031671
862720,43.19911015
280256,43.4438186
252495,43.87785165
451193,43.98278778
890565,44.16371697
654401,44.29420145
570042,44.43893801
26143,44.95782453
147814,45.48752575
77811,45.8869952
420139,45.9596566
466937,45.98453312
634861,46.44562606
345560,46.63777613
104403,48.07278327
352076,49.15617758
256349,49.17344217
148416,49.82416722
585810,50.12508644
321779,51.41698456
994232,51.45465957
989166,51.61726951
135769,51.77638382
7903,52.2180172
631201,52.27923061
484612,52.94376738
297852,53.73057108
495520,53.80540761
762495,53.805768
860851,54.19947053
156435,54.80760614
614314,54.88064824
285333,55.89665657
215514,56.63683242
668007,56.66874687
681204,56.82609562
936835,58.06678079
145676,59.2424365
441037,59.56663099
202956,59.9771992
688948,60.33346259
26654,60.61570522
874039,60.63089581
983837,60.88529689
193699,61.64004977
310246,62.41085207
429906,63.37560749
516629,64.17575993
337944,64.36299759
40524,64.44344752
96289,64.46203421
313749,64.75383943
430501,65.22559353
100639,65.95656758
726753,66.64430612
860736,66.98312638
765693,68.16260139
563225,68.21052821
29168,68.22388523
175960,68.31360853
319915,68.59217958
829499,69.28447525
424229,69.49837722
105708,69.7534315
553689,69.79948608
438079,70.04783377
476769,72.70550256
475936,73.05514061
677488,73.38885943
928064,74.18674555
435551,75.31921847
24663,75.63947268
49041,75.72905147
547907,76.12328776
114092,76.20929509
715139,77.00236048
614140,77.37878719
893475,77.59404907
517706,78.14685214
482876,78.18231654
472607,78.24401984
680591,78.72924274
929061,79.25567402
801028,81.84072143
391004,83.77189821
521697,83.91562798
49583,84.49795089
432460,85.31980979
577366,85.42748087
994088,86.30890945
436007,86.67600905
351175,87.37000046
639729,87.62966375
315722,88.10393751
753049,88.76219783
153753,89.85465954
670911,90.3372115
682288,90.63061129
85724,91.39843089
607454,91.45008258
604064,91.79326037
875009,93.60316974
828914,93.73559544
486290,93.79486545
897091,94.1301723
877955,94.15013683
211787,94.89298056
335098,96.91392044
647327,97.31374538
165882,97.5053477
875380,98.62381358
85925,99.03778909
513281,99.31411277
547513,99.64163769
370969,99.71951588
885529,99.72431455
726949,99.96107687
483177,100.2543109
675449,100.4468077
353415,100.476595
693325,100.5805258
656354,100.7395639
24137,100.9510002
871444,100.970319
385785,101.2129262
560092,101.971562
557943,102.5489714
845113,102.9999464
218464,103.3454873
996686,105.0059668
991359,105.911407
935118,107.6065262
779877,107.897748
601696,108.2358056
818829,108.2656078
429567,108.43105
176878,108.5625007
866598,110.5323576
741932,110.55851
132889,112.4841606
525907,113.3070644
578744,113.8038912
68079,113.9120957
848422,114.1555104
231210,114.3008807
563299,115.8186275
772705,115.9072884
579493,116.4791554
108424,117.4201017
705988,117.9561696
353870,118.1502028
184061,118.177196
626284,118.3229963
781579,118.3945134
847173,118.6997829
855014,119.9585198
518802,120.010964
586856,120.3262809
238200,120.5122307
68326,120.60701
978198,120.8484288
65031,120.9934208
413089,121.4407047
374118,122.1168402
859224,122.45415
602262,122.9295073
936063,123.5823302
748166,124.3494318
678912,124.4788182
286031,124.7165872
394276,124.8998137
614381,125.1505162
387151,125.9568351
823071,126.4959973
653263,126.5297788
220530,126.7573016
365255,126.9323053
868990,128.3806528
446509,128.5206425
465405,128.5610672
624948,128.6125023
422997,128.6917803
384941,128.7037197
48731,129.0460615
618368,130.0482523
350763,130.1670315
969082,131.1247522
968013,131.5300529
132918,131.5918298
939495,132.4719464
59620,133.3764941
709189,133.505357
918539,134.6459937
731329,134.6474356
375535,134.8630292
86152,135.1840677
571718,135.4775178
770175,136.4818022
124930,136.984075
249743,137.0923158
971073,137.9817465
973727,138.3590557
991995,138.4285483
558549,139.1151872
219261,139.1862193
597509,139.2841383
289718,139.4082539
825124,139.5131897
198721,140.139156
804640,140.1620057
320495,140.5223822
755561,140.8858206
986646,141.6269197
159925,141.8320067
594466,142.3837867
614635,143.5924144
16342,143.9377708
141666,144.126545
371614,144.6236436
811878,144.9796828
152094,145.3612476
396468,145.3652758
788689,146.5367626
671905,147.1475922
340396,147.9234844
797361,148.509112
170055,148.7098665
637606,148.7763074
629663,148.8405978
895555,149.3704431
530302,149.9228382
628127,151.0888809
648614,151.1188549
890474,151.95039
942857,152.2588974
114007,152.6297086
357059,152.8280269
302150,152.9856654
133307,153.016777
758178,153.7557924
452794,154.1364835
737966,154.327205
599488,154.580472
330804,154.8541086
317477,155.5623855
537265,155.7037324
457842,155.8297123
141133,156.0396811
934305,156.5326487
916311,156.555983
498979,157.7201214
487210,157.9232678
190452,158.0937694
52921,158.1582996
936259,158.3781756
837351,158.9743291
535819,159.3628811
788134,159.5791481
959388,159.894989
243943,160.2858205
968822,160.5328381
325514,161.7685074
882046,162.5461971
891495,162.5535835
267455,162.5816543
75719,162.8712371
2291,163.820534
648095,163.8652761
223837,164.3874784
500678,164.4209194
215720,164.677105
591517,165.1402783
987264,165.2619429
161641,165.3164927
439111,165.5377543
663588,165.7093583
551641,165.7627062
20201,165.9739791
786333,166.038336
891447,166.2950421
594163,166.4069109
753162,166.5391837
717600,167.4430136
487727,167.5319645
748250,167.8373131
822639,168.1883827
779834,168.2313832
389782,169.0650806
248940,169.1857851
274276,169.7132824
109425,170.4305219
509440,170.8916997
727501,170.9417619
971041,171.2491843
786836,171.2972496
241781,171.9302393
824463,172.2620657
149823,172.3480559
946296,172.7979499
265779,174.1959074
763203,174.7832861
636085,175.0898399
527933,176.3180465
829471,177.7278742
423033,178.7055818
385995,179.8684754
634541,179.9837892
454605,180.0022988
448486,180.6316965
388364,180.795325
686985,181.2092901
983206,182.143097
630364,182.3257039
511157,182.7500023
177152,182.8892773
80133,182.9867989
280976,183.7348887
585593,184.3096559
166122,184.5699346
658633,185.4051191
934147,185.5218155
447989,186.0886405
10294,186.1881472
35574,186.3036539
277871,186.938771
837551,187.2932693
80481,187.6490437
602585,187.8029244
135501,187.8198909
297524,188.0408056
601118,189.6468172
151446,189.8909689
834504,190.2552641
933474,190.5951393
433700,191.4410285
357626,191.8593433
370654,192.3401539
60906,192.5887668
289140,192.7885573
969931,192.8776022
623994,193.4053135
930759,193.8752715
906321,194.070735
844288,194.2959588
716127,196.9452208
911720,196.9482902
769264,197.3705359
999069,197.4511421
134610,197.6503102
366692,197.6523242
505559,198.307719
104060,199.2505794
700463,199.6746517
402638,199.7951002
93750,201.3402095
727240,202.6541575
607864,202.8788882
840037,202.9602722
483066,203.5494576
740714,203.9292575
204977,204.4961164
743454,205.2059228
855896,205.4528015
358637,205.4963343
422701,205.6751768
825602,205.859291
793941,206.2122526
60790,206.8419786
355992,207.3740676
916466,208.5088008
38903,208.6352444
144478,209.0705398
510947,209.1416314
220927,209.2958434
425698,209.4034817
267808,209.6974462
572005,209.7251779
222095,209.737486
234782,209.7654055
499572,210.0461495
506830,210.4537475
468870,211.5189275
390538,211.5470728
8207,212.0771156
199379,213.1325792
890694,214.0741489
602523,214.6248555
978509,214.7457786
893874,215.2013457
506952,215.2028164
332059,215.3986843
405080,215.8322691
666876,216.328023
709191,216.6444509
276497,217.036932
810756,217.3240767
574520,217.4732692
547984,218.0628302
817439,218.155382
619676,218.4734191
319299,218.5246462
830906,218.6658462
14726,219.5395582
405469,219.5521364
400859,220.3555148
355144,220.8616054
96985,221.0958152
41467,221.1745617
168884,221.851147
85684,222.0895579
869491,222.768181
758299,222.7714855
382094,223.6507333
860430,223.7606269
387853,224.1052588
256630,224.7440461
177391,224.7941345
350226,224.8069223
483086,224.9936704
893480,225.1225746
424751,226.1331865
721941,226.6485208
100402,227.2226583
278395,227.438795
513728,227.4897818
246123,227.8429464
632877,229.1150246
606988,230.0307376
376839,230.2919694
923015,230.3735497
65382,230.3877888
9665,230.4541215
994848,230.582147
617625,231.6575986
94380,231.7565417
624147,232.4392036
440450,232.6454649
491804,232.7438648
510037,233.9427953
367336,234.4991674
818849,234.6949498
486384,234.8189142
490728,234.8990407
741728,235.1025071
797108,235.3218683
137071,235.4897067
668294,235.5268764
356855,235.9995653
870498,236.1149847
88228,236.1487598
588147,236.5119089
281520,236.7711928
10150,238.3458447
23912,238.9692708
24289,240.6588201
821199,240.9555836
963898,241.1254834
79157,241.2677359
639029,241.7247881
263047,241.8376721
332144,243.5010618
47434,244.3071038
90944,244.4279248
518424,244.6963022
435941,244.9880838
747006,246.1134346
559019,246.7628606
97602,247.1284055
219602,247.5072587
382410,247.7023847
20967,247.9020977
361707,248.3653438
601632,248.8995625
856379,250.3222164
684540,250.470993
313607,250.8836685
899435,251.5301195
648999,253.4059919
39351,253.4374219
165673,254.0311865
32942,254.1872711
17327,254.3302547
667069,254.8942502
985910,255.1813121
542450,255.1861226
336214,255.2457576
55751,255.4836964
645846,256.3400113
194310,256.6559656
244854,258.0055288
625311,258.377196
509710,258.5386435
758759,258.5951005
690687,259.1900271
695009,259.4411734
113149,259.6911664
960664,259.7280086
642075,259.8046715
214989,261.1248777
274202,261.2995778
241546,262.1436696
661282,262.6272226
882896,262.6447716
185108,263.8475359
572359,264.1149424
502086,264.4215318
747159,264.5096091
348205,265.2473114
462850,265.398462
525552,265.6417022
551846,266.6120083
742328,266.898181
743978,267.436677
130953,269.017539
871559,269.4916602
472921,269.531703
177707,270.1752075
477164,270.5670553
331520,270.5764259
99531,271.2992107
891613,271.5583993
79297,272.5570488
833019,272.7244151
306841,273.1254423
734920,273.4209639
216333,274.0410756
756302,274.1756455
626612,274.4404278
438980,274.5399862
997948,274.891336
572718,275.9220335
348794,276.2645919
746064,276.4474939
599789,277.2261811
401726,277.436825
610149,277.7910872
726327,277.8545213
516597,278.0237965
744039,278.358032
60476,279.1882189
152306,279.3553078
418443,280.5116419
102888,280.7760691
783374,280.8058678
875249,280.9346995
134021,280.9627592
714852,281.0115091
95053,283.2922717
619660,283.3761084
278714,284.1490072
508109,284.2608742
452245,285.1608568
237051,285.8004963
649729,285.8969638
756030,285.9591296
84093,286.1600582
259251,287.1894256
317508,288.2490816
115033,288.4668831
966206,289.7866364
684898,290.4847171
600959,290.4895133
967309,290.678282
101704,291.4222284
217617,291.5103221
455693,291.7876321
388043,291.8417738
501507,292.0808058
515562,292.188231
632336,292.251113
689196,292.4093744
832821,292.5591039
280489,292.7936495
296872,293.0658589
735588,293.1230006
17151,293.3102415
749179,293.3295552
607217,293.4230096
93165,293.5217067
693469,295.2208632
919015,295.315533
597860,295.3739489
147870,295.9376996
610787,296.0319726
202172,296.2799387
486083,297.2704368
468684,297.3844535
308417,297.4274794
68729,297.8771002
384042,297.8971739
240501,298.1725612
623075,299.179997
945261,299.744812
315682,299.9783729
527740,300.6818454
568886,300.7472259
778939,300.9913645
912308,300.9972432
580843,302.2907969
555226,302.6905836
608446,302.9832511
701468,303.1820875
18147,303.5754458
392086,303.6033564
845364,303.713397
240115,303.7981525
928048,304.6812778
877760,304.8095706
350962,305.741402
445414,305.8920214
419214,306.0821585
18756,306.1211445
481857,306.3379712
274488,306.3973521
602614,306.4867821
156177,306.7060765
827163,309.2897139
450260,310.4648259
232671,310.610878
572326,311.2286041
673603,311.3937384
105418,311.4003885
659621,311.847488
267076,312.4480274
469191,313.2073827
949741,313.9453147
187717,314.0374709
81899,314.1399986
366741,314.4922786
942081,314.5360717
643452,314.6293621
257185,314.926144
154275,315.1154162
556985,316.2040967
651579,316.3595763
13310,316.8252055
736204,316.9004381
399407,317.8870617
536233,318.2651266
805077,319.4573447
808903,319.6242746
889169,319.9229768
411363,320.0461788
257556,320.6829681
512279,321.0989826
919202,321.5825705
581820,321.8015703
561057,322.0844118
263861,322.1451591
580651,323.0002537
542888,323.0456731
967779,323.7633072
265082,323.8429389
78669,324.0027262
402319,324.4544299
680340,325.2024496
355859,325.2329608
484995,326.3706297
529323,326.5317921
369318,326.7547554
140733,326.8244387
250257,327.5494684
942140,328.0877965
962589,328.3627617
729086,328.3643349
267114,328.4306865
560370,328.5756155
925912,328.6083898
166522,328.77728
980025,328.8623598
153535,329.1599219
750745,329.7043966
660758,331.1645316
524979,331.1920485
823204,331.5185041
770489,332.415068
161759,333.0897806
305288,334.8894854
564272,335.342603
767972,335.6203549
186073,335.7999097
262280,337.3274512
1831,337.7991306
876154,337.9219327
462211,338.0270284
655848,338.3013085
886631,338.3532715
648369,338.961825
907005,339.4202929
987073,339.7857345
737867,340.1317344
86182,340.5834412
634315,340.6333121
855003,341.4775854
506948,342.1683123
403802,342.7362541
719661,343.1872903
40881,343.3023023
426907,343.5396377
122922,343.7930291
74199,344.0746163
81822,345.0755518
851035,345.6351881
219569,345.9059549
901388,346.4232157
729859,346.9940391
166800,347.0082096
887443,347.1087845
511849,347.5181881
849969,347.6012697
184474,347.6880956
761868,347.762504
356984,347.7898714
455184,347.794288
409516,347.9472836
363243,347.9778565
54351,347.9884612
990829,350.0342588
537453,350.6261071
290401,350.9109702
798198,351.1317733
936309,351.6805274
123938,351.9825078
307903,352.0674498
243850,352.503916
406887,353.149707
141461,354.2566584
843266,354.4024915
497491,355.5959941
288050,355.8742239
416736,356.3213513
48050,356.3579156
301661,356.8780921
237324,357.0755776
488537,357.5292278
871791,357.7399639
941572,358.0813358
906956,358.168324
418855,358.3335858
958237,358.8843854
98740,358.9977545
162824,359.0629046
804616,359.3680355
305082,359.5565744
53137,360.5211421
922830,361.4743443
208317,362.0330897
374788,362.0523789
37824,362.683961
132152,363.4186381
872727,363.5439502
496447,364.040451
531083,364.1566604
452182,364.195203
809791,364.4596693
420445,365.0383249
847103,366.0393844
495283,366.459954
7003,366.7463035
258661,366.8097741
176842,366.8299698
978336,366.8583114
495549,366.9968572
186044,368.1516102
471602,369.5221603
843757,370.6487203
14421,370.7313948
321467,371.33011
344535,371.38344
984706,371.5218691
998939,372.2891935
760824,372.5688468
638244,372.8473312
858197,373.1398383
963885,373.255629
196651,373.6349077
507936,374.1614593
853043,375.1313601
559467,375.5098762
356261,375.5928803
305674,376.5116357
67575,376.517662
898766,376.5430868
878448,376.6687164
425822,377.6652186
372749,378.2087237
236735,378.2880667
276907,378.6928416
703674,379.6075132
608408,379.9553538
791471,380.1404399
957885,382.18753
704976,382.3812925
250958,382.6220344
649979,383.7070038
284248,383.8381999
348276,384.1209652
699366,384.2004336
859225,384.8044717
88117,385.0194273
476295,385.3723079
62242,387.5909649
824815,387.9951818
795574,388.0276069
248593,388.4087934
118770,389.0633564
310623,389.4614111
160233,389.4791364
782013,390.5628498
640016,391.7984521
725170,392.72342
109266,392.998387
483664,393.0673357
711776,393.6766354
3988,393.6768221
706844,394.465663
224554,395.2610954
783768,395.6324793
636509,396.369821
733119,397.8079169
783904,399.608345
90507,399.6902532
141504,400.2415506
619022,401.3767499
202298,401.5085808
899821,402.1601521
583480,402.2185476
473490,402.2268471
605249,402.7549801
582745,402.8918024
152373,402.8947888
457257,403.0246551
110667,403.0826698
968234,403.2803464
308868,403.6289263
68808,404.0191522
645233,404.3166282
229545,405.2374417
201656,406.1469426
821368,406.6950392
560201,407.3019361
308333,407.5095568
946796,407.6034902
503712,407.8542085
419624,408.3926511
335509,408.8973018
855691,409.0661026
305428,409.2108275
598411,410.6991671
198991,412.6739544
740926,413.1759059
44934,413.4968717
469251,413.6008212
809264,413.8712267
869684,414.1623644
653928,414.4416113
710982,414.4885655
757274,414.5921872
76230,415.1846942
716719,415.6337511
719928,416.0579869
207976,416.6384808
771765,416.7430492
707549,416.9158392
711458,417.3255011
717516,418.1889371
403341,418.9232264
121214,421.4026156
435341,422.0404993
604281,422.7751897
486183,423.0534171
458894,423.1004012
55242,423.1605308
909829,424.8463388
530424,425.2213578
226611,425.8760839
177236,426.3919634
112881,427.1181422
318290,428.520134
335574,429.3371094
327804,429.5176067
144056,430.2945083
383167,430.9958032
183364,431.0678423
604846,431.2344997
517627,432.4731914
235885,432.6746777
610298,433.6302164
466610,433.6409118
952703,434.4926827
273153,434.5576983
187798,434.6485628
321130,434.8263208
410122,435.0731232
337684,435.5523751
729143,436.1629408
853305,436.7718809
922848,436.9668275
246364,437.4659437
644724,437.8218029
836026,438.1211349
487736,438.219799
641512,438.3813098
410729,438.462343
970106,439.0287974
656150,439.2579085
467369,439.6996223
24278,439.8391166
512674,440.0237795
849922,441.0113751
309814,441.0937941
326303,441.6478524
989777,441.8870958
766071,442.5001886
924750,442.6680976
890226,442.8518274
519960,442.951864
837638,443.0534972
531406,443.083598
902366,443.2630607
253890,443.5899587
455233,443.8839485
347334,443.9990648
340526,446.183427
436950,446.5459289
832618,448.211325
721774,448.8184425
335776,448.9010662
966592,448.9314068
282653,449.4135758
566146,449.4196831
404332,449.5995943
580338,449.6407906
282774,450.4509557
489984,451.2825338
499137,451.483449
580271,452.3069319
762577,452.4812119
640380,453.3695327
819803,453.4775941
659413,453.9436093
17047,454.5967147
675368,455.0614512
754617,455.8790221
570434,456.2888255
715176,456.5279192
406665,457.4800406
652493,458.2713859
444554,459.4123177
198837,459.6864449
133693,459.7762828
135739,459.8442157
91202,461.2431851
71317,461.2637818
367537,462.3533338
755114,462.4321767
133600,462.8500974
146205,463.1824335
913636,463.2393336
257130,463.6896304
134337,463.9339471
230490,464.5289075
703805,465.0051771
925072,465.249209
405765,465.5142238
188439,466.1286139
587170,466.3150764
148717,466.6188625
520682,466.9767424
886779,466.9815712
194478,467.2288789
583521,467.7304055
544312,468.5096386
536285,468.6152205
879672,468.8317579
651745,469.2853118
270326,469.6764473
835219,469.7951977
263614,470.1727607
636872,470.5851868
764473,470.8229955
209659,471.3578592
389216,471.5506787
382137,471.6177523
210086,472.6472046
29680,472.8782904
217662,473.2112005
917270,473.8293143
277539,473.9274374
291544,473.965739
595319,474.4582301
687565,474.6492327
13379,476.2722566
898202,476.3105034
21082,476.581736
307591,479.8871739
86193,480.174207
594961,480.3041631
726029,480.780763
749717,481.4881
119717,481.7557414
470102,481.8242946
155437,481.8248181
384396,482.5852887
883201,482.7510395
27917,483.5100589
788854,484.0761967
52458,484.8441671
628675,485.8050041
659772,486.1906929
962698,486.5148104
400356,487.0468874
847673,487.7797314
767504,487.8299534
51193,488.0540498
464291,488.2084771
930855,489.1832282
723487,489.3137091
839331,489.4143336
856970,490.2551385
69360,490.257548
95786,490.5866002
954314,491.4579881
800628,491.6165686
420523,491.8126935
151251,491.8302032
250851,492.2872163
992535,492.657363
3421,492.8347701
81360,492.839524
894713,492.8649963
793299,493.9472459
630777,493.9646335
358393,494.0836513
505478,494.6746801
298366,494.9730773
864472,495.1776655
7809,495.6070381
254673,495.6389255
548545,495.9174545
417714,496.110517
780642,496.8469532
572639,497.0614151
58440,497.9936167
663974,498.6216454
571532,499.2293418
183475,499.2398258
500501,499.5136939
378682,500.5845117
825188,501.0285613
505904,502.0883975
785471,502.7535317
82793,503.3698988
535733,503.989415
590367,504.0495461
908410,504.3990977
181019,504.8091218
285576,506.1863158
728,506.6789564
464376,506.9529707
407437,506.9924407
15916,507.0378209
893883,507.0704429
966508,507.1114363
314556,507.713498
958279,507.7399131
85592,507.780042
388896,509.7840483
227951,510.3426865
925442,510.6606254
372172,512.6100234
885027,512.7252626
809202,512.7528778
292702,512.9877404
96580,513.7408575
127468,514.5688577
552308,514.7303899
6209,514.9276746
54761,515.7145005
990440,515.78702
141567,517.2917835
662479,518.1525238
186792,518.9282644
317379,519.0049712
815219,519.9895577
977506,520.3434587
782451,520.5956068
730648,520.8777362
945143,521.0466664
622570,521.5473981
172794,521.7065314
178798,522.2339964
429214,522.2757071
150854,522.6250073
356628,522.8605121
653706,523.3109864
482721,523.5518845
54498,524.1702495
905038,524.7993469
380293,525.7022641
875112,526.3553034
599302,527.4542609
111233,528.2773589
121579,530.2849355
478489,530.5013526
457606,530.5021696
117984,531.0690254
760532,531.2617462
617596,532.2491271
712486,532.4760527
623556,532.8903038
366843,533.2030711
974504,533.4940633
603110,533.5439848
374315,533.9475251
150594,534.0965524
583313,534.2221932
768573,534.8597001
857035,535.4392451
755775,535.5680393
36029,535.6092705
820935,535.7337938
508068,535.8327538
298351,536.0114204
935306,536.7156341
486193,536.9396599
934832,537.8663308
749849,538.2106619
123847,538.8542613
649535,538.9009975
817109,539.0455422
214815,539.2719051
868629,539.2839659
137011,540.6795618
631937,541.1190433
197434,541.5543151
327354,541.9980885
229258,542.1432026
963367,543.152521
894085,543.2209638
858573,543.708286
354393,543.7419744
861051,543.8574304
955830,544.6934502
209417,544.7989379
325527,544.8930473
842770,545.1580825
193267,545.1978108
213261,545.4417306
100616,545.7727044
622893,546.0371298
308108,546.260263
443321,546.3846446
756154,546.4906146
587035,546.6312095
291904,546.9775918
337773,547.2784318
530746,548.2664098
862054,548.4894285
52430,548.6215815
646927,548.7284524
261105,549.3181882
944210,549.4585851
35306,549.5137269
534879,549.8726197
133738,550.6330855
805272,550.8826844
723338,551.1705578
396323,551.7281309
602098,551.7471049
157473,552.9606934
255490,554.9487992
238456,555.1043693
508127,555.6614847
855772,556.2576761
471335,556.6674314
985556,557.2436346
455178,557.2768604
243732,557.665322
141891,557.7253017
643975,557.7373501
732299,557.7405625
46303,558.2675603
696765,559.2556462
614764,559.2619528
505386,559.2630693
8824,560.6890445
499426,561.2159973
756728,561.3022129
443030,561.4097558
568836,561.4195674
854355,561.9792006
113702,562.1705549
897332,562.4616415
293843,562.9956717
913924,564.0610471
32681,564.3625915
199279,564.5879399
756679,564.7781356
321805,565.1622704
465579,565.3120414
562676,565.6317655
878768,566.0626556
310634,566.0750865
367783,566.5893285
617293,566.7584272
278512,567.0460992
906478,567.0681171
513393,567.0789384
55437,567.3269113
970336,567.5624704
121573,568.0713723
188304,568.3142046
171480,568.4067154
608409,568.6520094
342776,570.3532593
879935,570.5448232
925004,570.8963883
535554,571.2922301
311589,571.2937409
1967,571.3468408
16850,571.3546495
340553,573.2827507
418006,573.3681089
814644,573.4913515
582456,573.4960957
6303,574.4630593
901338,575.1242268
805766,575.3684059
967295,575.6815123
162914,576.1798854
483485,576.2519148
770528,576.4562538
619103,576.4727588
835637,576.8021563
504136,577.1487861
537233,578.7295521
329499,578.7758807
92542,578.8240709
146252,579.4526483
851188,579.7480721
632139,581.0327176
229781,581.1420374
147768,581.4702827
692371,582.1534143
921660,582.4805804
314021,582.5091588
825757,582.8466416
990523,583.0377669
157520,584.1844182
774356,584.2783379
798719,584.6911269
742870,584.8137453
642128,584.9415173
902197,586.2692737
549413,587.1827078
865625,587.5139043
504721,587.6525073
787277,588.8079268
706774,589.2355136
383588,590.0290385
196201,590.6084621
607515,591.0212157
99265,592.2036004
233054,592.4784297
662262,592.9368516
210968,594.3852018
533006,595.5064409
249315,595.7205711
68188,596.3614696
869799,596.3783561
275540,599.3977473
164851,599.4408496
883002,599.8690394
841307,599.9835009
366927,600.0073854
526410,600.1805772
542200,600.4288503
862279,600.4545546
967048,600.4651978
181142,600.8066189
939190,600.939172
562428,601.0497413
148793,601.1758765
151352,602.1333264
776581,602.4127725
719686,603.1006596
608088,603.2770038
284477,603.9088576
633242,604.0510056
542420,604.2904959
889882,604.4728119
60784,604.5640453
401932,605.0929338
635555,605.1428806
63575,606.1624097
491057,606.5508371
185502,607.0492575
427353,607.1915018
550312,607.503352
618370,607.7872688
828473,607.8784019
19073,607.9624227
775811,608.763232
565184,608.9342019
188462,609.7348502
755908,610.1671211
310630,610.4202527
836689,610.512819
624826,611.1157132
709761,611.3382521
826799,612.929128
476800,613.4307582
27880,613.994889
219832,615.4005944
327915,615.4308689
895524,615.5452272
143517,615.9010145
967382,616.0818333
622075,616.320388
69185,617.303736
505144,617.8273543
659618,617.8528903
750810,617.9947425
86586,618.9203721
982457,619.0809164
426323,619.7853913
777370,619.8136741
666285,620.2758243
759346,620.4688331
186711,620.609592
691095,620.8492968
801674,621.8972221
521749,621.9548518
183143,622.020404
590442,622.3218047
361243,622.4103811
60647,623.3501904
585381,623.5537619
920737,623.8159829
255181,624.2965217
416730,625.038953
710971,625.2092113
839148,625.4613745
202346,625.9173029
131166,626.951136
444763,627.0673514
496382,627.551153
517084,628.159241
467931,628.2855322
900841,628.8051435
25990,629.6017771
481040,630.0909295
426780,630.333877
295414,631.3470489
756610,631.4552792
76670,631.9906118
280383,632.1647177
402807,632.1996614
42449,633.2887489
465154,633.4447287
875682,634.0125241
194136,634.1040492
523500,634.2783531
267114,634.3450707
954698,634.6988955
489404,634.8891005
920125,635.6200802
992482,635.6681995
352151,636.4254375
389488,636.9621199
349640,637.1766267
647596,637.6464312
154425,637.7437547
132716,638.3424178
955741,638.7458241
504695,639.8388395
2924,640.260224
2076,640.7118924
745870,641.2898816
396877,641.6704933
261149,642.2353286
369707,642.6289745
674132,643.6427485
867795,643.910415
3645,644.3779849
617824,645.4312855
381722,646.4455
941497,646.4500897
622639,646.5497461
764031,646.9173664
956204,647.3575885
941787,647.692344
639888,647.9768984
301693,648.0180613
866232,648.6055379
79284,649.3877772
415175,649.589872
674469,650.1141958
907959,650.7844461
718271,651.4897866
773050,651.9373179
302508,652.0896875
496570,652.900555
868746,652.9949542
675172,653.3521457
139388,653.8440745
726505,654.5131251
426475,655.3999617
540461,655.9961686
763925,656.0724754
140648,656.3073821
486304,657.4346624
901844,657.9093876
387435,657.9391593
521209,658.138206
590897,658.5237746
670696,658.5977344
498493,658.7245471
845864,659.8941789
870510,662.0143842
995048,662.4664155
733138,663.3839653
513168,663.4695305
959745,663.5113842
800211,664.5793433
55379,665.5353734
342282,666.0891155
681823,666.3786643
604148,666.7437139
722370,667.1014698
158677,667.5289591
612970,667.876593
887991,667.9394273
839779,668.0019057
510830,668.7632278
95395,668.8575101
634482,668.8838245
596795,668.9685207
580735,669.3037899
383134,670.780212
834834,671.1806658
71351,672.0504896
655641,672.5313637
767941,672.6901142
715183,672.9883452
132586,673.1049148
139074,673.4816688
754964,673.6541387
648082,674.5114228
25637,675.0821848
466390,675.3341403
301913,675.6021994
973030,676.0458543
170588,676.2158829
618886,676.626581
282547,678.1682375
29658,678.3686915
309182,678.6082315
286509,679.0138512
148317,679.7741742
214368,680.0149248
778336,680.5371861
425623,680.9533474
831944,680.9927898
74646,681.6609941
939472,681.8723167
115042,681.956835
512822,682.5878523
346101,683.0102477
499825,683.542788
386768,684.116236
649937,686.1224216
725,686.2205467
701664,686.9409704
874607,687.0666517
788909,687.6940695
248048,688.086142
155020,688.2047324
466855,689.5200589
584069,689.6764736
543787,689.8831448
24783,690.1877049
343762,690.2009838
13063,692.3036513
64281,692.527156
306084,693.6694084
173415,693.7012182
93074,693.7637043
29363,694.3506649
516607,694.42506
951111,694.6065471
586851,694.7053643
68712,694.7369005
153376,695.3097468
102348,695.3545998
565000,695.9164571
661908,696.280145
838848,696.3064189
931998,696.439814
581727,696.5435063
746877,697.1348934
804483,697.7871684
210501,698.0926361
851017,698.7961786
13256,699.7186385
152363,699.7326496
58985,700.21853
96986,700.7870629
381629,700.8113518
986759,700.8155474
23267,700.8481996
659761,701.2151879
616314,701.3829487
463787,702.0802834
769658,702.389629
102134,702.4296574
559113,702.7205439
549421,702.7838396
907996,703.289463
935893,703.5323809
83321,703.9659556
97072,704.029377
465126,704.1915985
326245,704.3316707
234114,704.5998199
413380,705.404319
230525,705.8580885
128270,706.4094498
751893,706.6491883
909066,706.9390046
127954,707.0895065
696280,707.8981596
839,708.0305025
955765,708.9913002
666089,709.6694901
564817,709.7208513
392957,710.4122522
100295,710.8502138
232604,711.3763985
396201,711.8074441
514331,712.0609368
460279,712.412754
237827,712.9523139
308468,713.4184687
456855,713.7922
104538,714.4766538
327019,714.5774384
454141,716.8408273
51184,716.9030007
241673,716.9300322
981765,718.7360611
713890,718.9837467
228679,719.0427686
151411,719.2443036
396815,720.2078888
147895,720.3637719
23240,720.5849456
415750,721.0071334
453526,721.2957395
950186,722.093207
515343,722.5331271
705341,723.0469338
70476,723.5044069
947607,723.5157232
712930,723.712979
431776,724.2454864
977954,724.2591957
901656,724.2784613
925307,724.8940542
620868,725.8177835
852969,726.2934128
954350,726.4079105
149452,727.1730069
783054,728.6366139
599545,729.7367227
721250,729.992296
882073,732.4545582
7413,733.0055631
833455,733.8579091
505225,734.0082613
568802,734.8706502
445180,735.1934779
211222,736.0925515
420856,737.2591527
477259,737.4842899
31644,737.5387081
979199,737.9390863
495123,738.1121686
953194,738.4164646
482596,738.5408799
123139,738.6117773
526357,739.0442927
946312,739.4266313
823996,739.4954958
134099,740.2950307
507551,740.8478802
489542,741.821918
210271,742.0821707
782707,742.2956428
479689,742.8902496
844900,743.0414963
736637,743.9430978
33960,744.428746
656980,744.8370695
892184,745.4632061
428193,745.6553489
400438,745.7286801
945752,746.5986431
348389,747.0883111
777201,747.1552945
469234,747.185715
467282,747.5122635
448730,747.5804115
726151,748.4658301
14333,748.4788475
590582,748.7417732
746035,750.1576683
550355,750.5958569
668856,750.7117529
487267,751.0279893
867138,751.0494398
807306,751.0937432
666368,752.1431319
356566,752.8218785
716974,753.3070995
789381,753.4180806
35243,754.3966863
252423,754.5186745
883862,756.3145543
359701,756.322269
706110,757.3302545
941983,757.3526491
726151,757.7825434
970823,758.1437772
962637,758.2369886
874862,758.7762011
704493,759.7883802
871302,760.553245
731276,760.9444772
622915,761.1928282
228159,762.1645853
437602,763.0404097
791020,763.9878713
419662,764.6314041
208044,764.8994923
194761,765.7383043
369415,766.9214804
231817,767.321271
921900,768.2928433
97230,768.3399256
154441,768.731493
498705,768.7650842
600061,769.7370374
589404,771.135955
290635,771.2077788
31419,771.3061335
731233,771.5216912
568821,772.2223449
756166,772.4353077
397455,772.7798434
966549,772.9006635
17727,772.9536313
776874,773.0371601
543938,774.508273
970222,774.6464092
605154,775.3954004
872580,775.8358227
664022,776.6087729
513764,777.0361564
330876,777.4447266
455779,778.5172884
924024,778.9444418
581811,778.9659263
57520,780.0389533
67379,780.0463423
206364,780.0659389
125877,780.0956025
360142,780.1383863
89961,780.7820476
970766,780.8260904
242137,781.8303227
778126,782.9933638
431534,783.4917278
133726,783.8420861
822,783.9795188
306523,784.4952047
896215,784.6273593
834359,785.2452288
946178,785.4578676
236340,785.5933808
260114,785.7370522
684166,785.7425207
756036,785.9182251
118896,786.01078
357295,786.6922914
832472,787.5490814
882110,788.3041719
764914,788.5462404
681647,788.7682965
339424,789.0499043
128152,789.3725158
481266,789.9351322
193335,789.9555486
146059,790.3068948
977378,790.6216833
469907,792.0199565
946186,792.1834649
472936,792.1965103
901557,792.5784108
112145,792.5939931
378760,792.8720239
367748,793.3535907
755368,793.7919645
929086,793.9646627
381494,795.7957568
240435,795.815657
892221,796.3396516
637326,797.8259834
524014,798.4658986
345880,799.2423748
398663,799.8268081
429382,800.9761352
670905,801.4309389
592171,801.4586169
435187,801.5537091
253364,801.5989099
305699,801.6353373
34835,802.1364066
861228,802.5061404
793027,802.5270274
524158,802.5486698
202544,803.3150018
660569,803.7329976
804414,805.6647892
337618,805.8925958
476698,805.936061
959911,806.0340229
205090,806.1605928
745774,806.1898492
379064,806.2831155
515177,806.6104167
989756,807.127345
885634,807.2150883
172173,807.5393432
913028,807.6782455
871858,807.7972538
722666,808.1575318
498126,808.2096811
167657,808.2143611
66897,808.5131594
344840,808.5805986
164141,808.846301
54780,808.9053904
968762,808.9495461
296904,809.371339
715357,809.7012328
432638,810.448997
150191,810.7783766
326461,810.8875462
102379,811.3417659
238056,811.345527
178031,811.6616728
250998,811.7642
815061,811.8077595
163551,812.7568531
261597,814.6015063
471388,815.1632526
514232,815.3892088
656762,815.403289
387505,815.5126426
150602,815.583581
537958,815.5985575
677886,816.2252543
416903,816.8294863
333990,817.1411334
808056,817.1413068
307218,817.2187427
787844,817.2550903
782989,817.4085755
802257,817.5750074
858399,817.7692295
806073,818.6808174
740076,819.151559
473261,819.2320556
99973,820.1082428
549349,820.4227027
994024,820.519133
603147,820.6085512
288235,820.6389077
306118,820.7238907
730361,821.2886106
785977,821.4431964
704389,822.1222258
85821,822.4602914
48455,822.4667576
917509,822.4751421
466656,822.9884955
798419,823.6352064
36028,824.5689609
193801,824.6372698
683019,825.1427925
998292,825.455006
275270,825.4858775
308790,825.7293858
623733,825.9696279
922471,826.3477943
242248,826.4982415
366558,826.8060067
907957,827.2272386
731569,828.5817537
845651,828.6255449
804189,828.6692294
723408,828.7516035
695341,829.5831264
459904,829.9148831
838879,830.3860346
435969,830.6884383
794746,830.7864656
51794,831.3561949
95781,831.4561057
945032,831.6358055
880790,831.8405153
691100,831.8683755
573287,832.2242073
453852,832.4816247
198232,832.6561858
761282,832.9054036
360018,833.2493905
150901,833.3811153
259133,833.7003767
851637,834.2001943
588566,834.4429591
672293,835.0720104
448278,835.2033749
59260,835.5493115
480024,835.9239077
593379,836.0978134
602615,836.1285608
662944,836.420623
712288,836.4720786
256779,836.5220029
940243,836.9171121
854782,837.9265627
990910,838.7074747
446356,840.0492798
7370,841.0010913
622236,841.1305654
542547,841.5319638
608247,842.0610901
746847,842.1162909
893256,842.2086898
622702,842.5738234
106401,842.6617035
660626,842.765727
939191,842.875939
825934,842.9125566
238828,843.335682
918585,843.3835455
330266,844.7643236
670219,844.7999849
182628,845.8582304
855048,846.1795678
60706,847.0942752
775884,847.2544523
422028,847.5457251
719464,847.6930359
420456,848.2196585
224269,848.3657949
300015,849.2577883
139438,849.4023054
754814,849.5952805
51864,849.9425075
907358,853.0840485
429880,853.5814113
343825,854.2543601
857503,854.7396611
153534,855.1242029
640300,855.344079
31265,856.7466004
100727,856.795511
60125,856.9056359
919342,856.9146949
779823,857.4063342
176692,859.6024088
847941,859.6730793
121615,860.2110983
712352,861.2562167
678075,861.9987081
984933,862.0029297
139663,862.8430579
466114,862.9844056
366530,863.3938729
202248,864.5550467
237409,864.5709615
118299,864.7740746
421510,864.8839913
842266,865.2639458
384489,866.0096423
193176,866.1329164
545773,866.4181249
343558,867.4460009
768316,867.9991776
875972,868.3533386
692052,868.4292343
733016,868.8843429
957066,869.5449136
523243,869.7512199
113484,870.317001
635548,870.6110946
79765,870.8460111
537788,870.9217768
587726,871.0715702
914830,871.406759
814173,872.9346225
234984,873.3741129
868709,873.6362287
283501,873.7322694
107091,874.5053148
239291,874.5647319
7216,874.6524937
897971,875.2280612
155136,875.2347173
782294,875.6639864
795514,875.6835859
705597,876.6485559
815540,877.4810736
590404,878.5321804
488258,879.0323697
906178,879.6348453
558523,879.7423931
252417,881.0326824
434295,881.4884081
285527,881.8076688
505393,881.9649393
628836,882.4828757
510091,882.7441583
195903,883.1549957
914436,883.2992258
149637,883.5348556
644422,883.7674462
109922,883.8888999
379874,883.9313135
541166,884.826547
132484,884.8848614
271340,885.0038081
88776,885.532908
695565,885.9003748
908956,887.1616267
398012,887.6538416
998627,887.8566334
200517,888.443532
188523,888.9484872
835399,889.2682959
501232,889.3663121
966226,889.6228424
644488,889.9116503
151719,889.9344977
881790,890.0232447
533166,891.2252521
747735,892.1689799
441395,892.4210681
790619,892.7419305
943939,892.9515907
611090,892.96496
401830,893.0579557
781701,893.3143087
727076,893.595851
723002,893.9773771
980171,894.7737919
831298,895.0352121
864089,895.0670639
748049,895.5422141
924214,895.6253396
870782,897.1665544
736145,897.4023489
147392,897.4434072
15518,897.564343
19477,898.0647246
978926,898.0890511
541739,898.7674435
515493,899.0288348
93094,899.1003979
906667,899.6056028
556284,899.7639259
934007,900.449183
258876,900.9704435
612634,901.5645061
850809,901.7885008
422277,902.3540473
594354,902.4540149
291291,902.6542539
810837,902.9787716
109299,903.1718403
145400,903.4740742
649774,904.7883306
477223,906.806049
559753,906.8582508
787912,907.1079648
501503,907.2105796
113739,907.5040019
175914,907.6684502
517113,908.4421393
265576,909.013834
157564,909.0311706
60740,909.1461075
965467,909.3974265
992534,909.626394
896300,909.6505979
276164,909.7357301
920080,909.9589623
557664,910.1969594
367275,910.3450409
961250,911.6055322
799110,912.2332683
308450,914.0745938
188520,914.9916174
699524,915.525226
405985,916.3058696
710710,916.3379737
641430,917.2948022
213099,917.4211416
393838,917.6864691
269570,919.3792621
460334,919.38118
702251,919.9718271
867613,920.2770042
205604,921.2067444
931580,921.6756512
866750,922.1677552
942320,922.3595194
80080,922.7257349
575480,923.6502455
257060,923.8433965
844426,924.1154593
381316,924.8144418
412251,924.9514989
305354,925.7814283
588323,926.5100885
918701,926.7552256
680187,926.907618
937279,927.6143292
916968,927.9242071
255708,928.2514817
487406,929.1143073
729375,929.6801353
251562,929.9627456
908196,929.9695692
755454,930.0121064
652483,930.1496238
656763,930.5819219
327457,930.7742179
66430,930.8379002
951356,930.9183871
809247,931.3499764
817715,931.6152196
657695,931.8061264
466058,931.9374368
164692,932.0097226
727437,932.3056564
728230,932.3854375
437071,932.4318385
430700,932.986879
529494,933.4214962
180792,933.8053098
51344,934.3417816
73103,934.4747047
521942,937.9810207
639287,938.6219074
377496,938.9314891
313946,939.0341657
974320,939.1019023
335080,939.3662832
306630,939.7006677
739801,939.7611454
955176,939.8742533
914581,940.4421604
726386,940.5164772
678708,940.9135758
924871,941.5031439
40094,941.7690417
262231,941.7964255
769695,942.2656783
193803,942.4099191
508736,943.7870677
143421,944.5980075
44294,945.9593344
801043,946.8134912
900530,947.165876
56027,947.8801645
721998,947.9876705
695626,948.0447704
73686,948.4141806
775178,948.7053301
341587,948.9402053
510482,949.505986
158375,950.0390053
854918,950.5976877
278994,950.7159922
13048,951.3877029
730790,951.71916
459439,953.4319322
576838,953.7793924
955204,954.1256347
665839,955.5182876
471886,955.8743261
14044,957.2971499
971497,957.7213291
140298,957.7291207
49634,958.1807655
760953,959.3699244
441452,960.8733097
576508,961.0372861
308549,961.6879876
784207,961.7115591
684080,962.0674381
959223,962.8847896
629221,962.9190446
3121,963.0398895
254174,963.3541243
728737,963.7419561
403446,964.16383
166017,964.7917471
549410,966.2041587
956800,966.9091269
242469,967.5013409
164742,967.5683547
494649,968.2428475
50706,968.551662
268079,969.0908371
876200,969.1588072
400122,969.8266884
417450,970.2147983
787874,971.7605024
840594,972.0900269
143457,972.5099635
156421,972.7575859
150108,972.8712765
654146,972.9584166
630917,973.3552662
314040,974.6554193
185121,975.603271
938355,975.6605627
181047,977.4872125
840240,977.6492848
712217,978.1891131
851117,979.0559696
493352,979.343511
340027,979.8608482
329515,979.9236526
92678,979.9516455
936362,980.0437807
673294,980.0480978
677168,980.5332707
471955,980.9581858
72326,981.0670284
739147,981.2873088
126251,982.0733114
241667,982.2488084
651221,982.3543393
37881,982.7602954
515220,982.8996335
29114,983.1322676
926744,983.5675512
222936,983.9725365
259115,984.6206729
125780,985.0411026
780275,985.1114208
603038,985.3513198
909919,985.4006376
73,985.4044355
279397,985.5714817
427963,985.7177311
191043,985.859656
111291,986.128979
326142,986.5140217
729660,988.2539261
165456,988.3253904
557634,988.5111612
12489,988.5204436
921956,989.1350759
949032,989.1505934
16923,989.2005375
621283,990.0380787
821621,990.2630852
459752,990.8727857
602164,991.2968546
406915,991.5762777
726446,992.1710198
698023,992.5903857
93362,992.7543461
59981,992.9672088
466855,993.2934998
199507,993.6729742
736855,994.0180737
486288,994.2175637
230214,994.3686794
95449,994.769701
129342,994.7841565
568239,994.8889567
191786,995.0860439
418597,995.1162682
893470,995.1919663
29810,995.6138286
255732,995.7360245
260657,995.898268
597901,996.8861214
211089,997.5120512
234468,997.6348911
714296,997.8541764
99872,997.9689536
773092,998.1461125
731590,998.4064367
117136,998.4164485